Image,Auto_Synapses,Curated_Synapses,Auto_T,Curated_T,Auto_Tumour,Curated_Tumour,Difference
6_stack2-5,1,6,16,10,2,6,5
4_stack5,4,8,21,17,4,5,4
6_stackf1,7,10,21,18,6,8,3
4_stack2,2,5,15,13,2,3,3
6_stack3-3,1,4,16,13,1,4,3
4_stack3,0,3,0,17,0,3,3
6_stack4-5,4,6,12,13,7,6,2
6_stack3-6,8,10,20,21,8,10,2
5_stack3-6,3,4,12,12,19,9,1
5_stack1-4,2,3,5,7,6,4,1
6_stack1-4,2,3,16,17,1,4,1
6_stackf2,0,0,0,0,0,0,0
5_stack2-4,2,2,8,11,3,2,0
5_stack4-3,5,5,7,10,9,5,0
4_stack1,2,1,15,14,2,1,-1
4_stack4,6,5,24,20,3,4,-1
5_stack3-3,4,3,14,19,5,4,-1
5_stack6-5,7,5,11,11,5,5,-2
