Reason,T_Cell,Tumour_Cell,Contact_Area_um2,Contact_Area_Voxelface_um2,Contact_Diameter_um,Contact_Length_um,Contact_Width_um,Contact_Fraction_T,T_Surface_um2,T_Volume_um3,Tumour_Volume_um3,GFP_IS,DAPI_T,Z_Contact,mCherry_IS,mCherry_TumourSurface,mCherry_TumourMean,mCherry_Enrichment,mCherry_Background,mCherry_SNR,Image,Voxel_Z_um,Voxel_XY_um,N_T_Cells,N_Tumour_Cells,Clipped_Z,Curated
Contact_Fraction_T > 0.50,19,25,53.801790290178396,61.40151357134154,8.276627753801872,5.994390604627611,4.66985087528527,0.7514068966505606,71.60140601583905,35.8191712173535,1565.60771807197,112.74288940429688,575.2147216796875,2.9691943127962084,14.122207641601562,21.614246368408203,21.26984405517578,0.6533749731955888,31.0,2.0494734078571955,4_stack4,1.0,0.1980716765873016,20,4,True,True
Contact_Fraction_T > 0.50,7,19,127.08437201172454,130.0837700983895,12.720410683746112,12.73128812567655,8.084579764504445,0.5379382365112095,236.24342607792363,144.2574945960666,2410.869540501194,128.01821899414062,131.7689208984375,6.425968109339408,12.386016845703125,17.255847930908203,16.873783111572266,0.7177866248761748,31.0,1.6258873213836265,4_stack5,1.0,0.1980716765873016,17,5,False,True
Contact_Fraction_T > 0.50,1,19,63.604644750703784,72.38728868057278,8.999108229454063,7.016862507033289,4.686804399253828,0.7054964510802435,90.15586776278391,41.93942391166582,2410.869540501194,158.0537567138672,146.37832641601562,3.3847072879330944,14.84417724609375,16.959320068359375,16.873783111572266,0.8752813901889971,31.0,1.6258873213836265,4_stack5,1.0,0.1980716765873016,17,5,True,True
Contact_Fraction_T > 0.50,7,21,91.0507912739529,106.37906200671323,10.767054751854108,7.60609217169753,7.368585500056734,0.9102248318118645,100.03110011040908,44.68569114629314,2062.3289960379207,110.75862121582031,329.7382507324219,3.7277676950998186,19.353702545166016,14.517807006835938,14.886695861816406,1.3331009660104327,34.0,1.434419886695231,5_stack3-6,1.0,0.1980716765873016,12,9,False,True
Contact_Fraction_T > 0.50,11,20,133.33135095978272,146.40411235668043,13.02930345778154,9.646713719255185,8.542871824573394,0.7393076459856183,180.34623567571816,102.04344396093806,883.7487961030722,110.3646469116211,529.5460205078125,5.058365758754864,18.367481231689453,9.51626205444336,11.356117248535156,1.9301151152214495,31.0,1.0942280656598298,6_stack1-4,1.0,0.1980716765873016,17,4,False,True
Contact_Fraction_T > 0.50,9,21,125.43979554222663,141.82347149223008,12.637836372095364,10.48773369076703,6.152141522732314,0.7573265949343931,165.6350065893215,71.12832137684764,771.0733747052199,91.20850372314453,380.03680419921875,8.058299039780522,9.84320068359375,14.707931518554688,13.689407348632812,0.6692443917879363,31.0,1.3190541622010945,6_stack1-4,1.0,0.1980716765873016,17,4,False,True
Contact_Fraction_T > 0.50,15,31,74.69306374268541,80.45284521420558,9.75203376094501,6.946006984008631,5.507601135023048,0.7035245994959617,106.16979675792297,54.17992930029045,1297.0620149144843,110.91450500488281,244.01840209960938,3.6680637049455154,17.747764587402344,21.558887481689453,21.244853973388672,0.823222654808881,27.0,2.388243118998528,6_stack3-6,1.0,0.1980716765873016,21,10,False,True
Contact_Fraction_T > 0.50,3,30,36.33099007073346,45.75854255078451,6.801327315858162,4.0,3.4667284430300525,0.8324269161277356,43.644660410234124,21.224722484762587,1279.6036017800677,133.62733459472656,349.93048095703125,2.743445692883895,103.79640197753906,18.850914001464844,22.903762817382812,5.506173439095493,27.0,2.5747295799870322,6_stack3-6,1.0,0.1980716765873016,21,10,True,True
Contact_Fraction_T > 0.50,6,18,68.85556920239486,76.9889365888477,9.363206373018684,7.258915447532613,5.907087350608416,0.7671898993630455,89.75035940848772,46.72577537773058,547.1348979158947,87.81106567382812,545.2760620117188,3.325381679389313,18.116939544677734,9.264068603515625,10.66019058227539,1.9556137071137978,27.0,1.1983667591795286,6_stack4-5,1.0,0.1980716765873016,13,6,False,True
