Image,Condition,IS,Curated,T_Cell,Tumour_Cell,Contact_Area_um2,Contact_Diameter_um,Contact_Fraction_T,mCherry_Enrichment,Contact_Area_Voxelface_um2,Contact_Length_um,Contact_Width_um,T_Surface_um2,T_Volume_um3,Tumour_Volume_um3,GFP_IS,DAPI_T,Z_Contact,mCherry_IS,mCherry_TumourSurface,mCherry_TumourMean,mCherry_Background,mCherry_SNR,Voxel_Z_um,Voxel_XY_um,N_T_Cells,N_Tumour_Cells,N_Unclear_Cells,Clipped_Z
4_stack1,4,1,True,3,16,114.17617413643259,12.057098323273063,0.10433612642678061,0.641992445208461,115.41189435159689,14.256898397938562,12.565866979164376,1094.3110315347712,1565.2546265703752,1837.448941911009,79.647705078125,327.94683837890625,8.828440366972478,9.389793395996094,14.626018524169922,14.072925567626953,34.0,1.3560083772493228,1.0,0.1980716765873016,14,1,0,False
4_stack2,4,1,True,5,17,154.04593024280126,14.004905215339692,0.10657232385863909,2.2284453936771906,120.86170856248044,16.155930921985327,9.38438570100233,1445.4590522688861,1753.3739321423468,728.6631621247608,65.76412963867188,113.3885498046875,11.509072058061172,24.040515899658203,10.788021087646484,14.443603515625,35.0,1.3917253573705854,1.0,0.1980716765873016,15,2,0,False
4_stack2,4,2,True,7,18,109.47627687099876,11.806334101766351,0.08424455865445027,1.0338151987024817,92.64909519071573,13.420013396268924,11.513478017538446,1299.5056134134736,1433.1591725848011,1196.7840284615208,54.5325813293457,132.9365997314453,11.115551694178976,16.26449966430664,15.732501983642578,15.788330078125,35.0,1.5212975969946145,1.0,0.1980716765873016,15,2,0,False
4_stack2,4,3,True,8,18,90.30862930663058,10.723083421480544,0.06919946225118713,2.1136417514523123,69.06710728928616,9.507918165045773,9.085066202002274,1305.0481372068946,1234.5255867431135,1196.7840284615208,63.72148513793945,86.38650512695312,7.326259946949602,30.644378662109375,14.49837875366211,15.789581298828125,35.0,1.5214181593998566,1.0,0.1980716765873016,15,2,0,False
4_stack3,4,1,True,16,30,15.8949164610191,4.498670492315635,0.028360499555726774,0.16904991080481013,14.45350319710268,7.047081171319082,2.1861700067278873,560.4596784265556,697.3557156500093,425.5929565891027,126.13953399658203,62.819671630859375,6.364341085271318,2.261157989501953,13.375682830810547,12.963733673095703,30.0,1.2491312752754902,1.0,0.1980716765873016,23,3,0,True
4_stack3,4,2,True,6,30,11.63438836352713,3.848813238291689,0.013028913899008274,0.40413303232010406,11.803926085849108,4.894754354559324,3.4814321897420246,892.9668622963814,1094.7798168896488,425.5929565891027,100.6464614868164,231.3558349609375,5.363636363636363,5.348232269287109,13.233840942382812,12.974117279052734,30.0,1.2501317962116756,1.0,0.1980716765873016,23,3,0,False
4_stack3,4,3,True,6,31,0.8403261435933991,1.034377337579432,0.0009410496392132517,0.35500257893965076,0.0392323890661046,,,892.9668622963814,1094.7798168896488,13.456709449673879,26.0,231.3558349609375,1.5,5.2826080322265625,14.880477905273438,14.327911376953125,30.0,1.3805777457054007,1.0,0.1980716765873016,23,3,0,True
4_stack4,4,1,True,22,40,127.2899743282249,12.730696326714405,0.273399039644722,0.8963547013912997,137.43708284185348,10.624509495694326,9.94432886255986,465.58310699860664,379.0633431567027,241.82844620346876,99.44197082519531,507.7198486328125,4.649500384319754,13.88815689086914,15.494041442871094,14.843364715576172,31.0,1.430244678277108,1.0,0.1980716765873016,29,5,0,False
4_stack4,4,2,True,11,36,125.03003241683251,12.617178034435057,0.10666996515194166,0.9211407866048004,129.01096167820293,11.977558139912237,9.528278826371544,1172.120308080523,1537.752721835036,1128.7550658208954,75.88176727294922,155.43353271484375,5.756410256410256,13.526229858398438,14.684215545654297,14.510086059570312,31.0,1.3981313378539948,1.0,0.1980716765873016,29,5,0,False
4_stack4,4,3,True,26,35,109.44531616807106,11.804664524298467,0.06900596659355307,0.5376505284492288,102.02928984342398,12.05752385490945,9.850651903221857,1586.0268549342522,2577.0579405852127,577.4223022749275,67.776611328125,67.20449829101562,9.729032258064516,14.99295425415039,27.886058807373047,24.948081970214844,31.0,2.403893062984392,1.0,0.1980716765873016,29,5,0,False
4_stack4,4,4,True,19,38,86.45332996913211,10.491701410673894,0.05501616956115146,1.37181368965013,96.20068565728113,10.010983289024633,9.905425277287478,1571.4167427275663,2035.2194151932422,755.9689049147695,80.6491470336914,68.82208251953125,5.340341655716163,18.967151641845703,13.826332092285156,14.732223510742188,31.0,1.4195355756041605,1.0,0.1980716765873016,29,5,0,False
4_stack4,4,5,True,26,37,59.89629561824202,8.732830707410582,0.03776499460390599,1.881899064266573,56.1242383599852,9.438879133766743,7.462301537271731,1586.0268549342522,2577.0579405852127,1050.6826115793474,108.32543182373047,67.20449829101562,4.407582938388626,31.06975555419922,16.509788513183594,17.810543060302734,31.0,1.7161496006691948,1.0,0.1980716765873016,29,5,0,False
4_stack4,4,6,True,30,37,19.975457028256443,5.04316783505507,0.02784903377848601,1.6763591552984978,16.536639280119783,6.785105990296142,4.036518207166173,717.2764838860558,522.4184928042489,1050.6826115793474,66.1686019897461,81.9405746459961,5.5523255813953485,29.174541473388672,17.403514862060547,17.811534881591797,31.0,1.7162451684294477,1.0,0.1980716765873016,29,5,0,True
4_stack4,4,7,True,25,35,7.987734835476489,3.1890907584117585,0.18175019517883473,1.5137126200481004,7.481762127481021,3.052884633994278,2.15745605553137,43.94897528234777,19.655426922118405,577.4223022749275,43.45000076293945,58.71165466308594,13.283333333333333,37.37096405029297,24.688282012939453,24.95135498046875,31.0,2.404208436593226,1.0,0.1980716765873016,29,5,0,False
4_stack4,4,8,True,30,36,4.563614721608481,2.4105133748825103,0.006362420662230217,1.9444220849286045,2.690719231576456,6.869940981436477,3.9124944192154816,717.2764838860558,522.4184928042489,1128.7550658208954,56.407405853271484,81.9405746459961,7.2592592592592595,27.957691192626953,14.378406524658203,14.522075653076172,31.0,1.399286605048128,1.0,0.1980716765873016,29,5,0,True
4_stack4,4,9,True,6,38,1.6331447306353306,1.4420070919800494,0.0017692997166454112,2.5265687106287085,0.7922867063492064,0.594215029761905,0.1980716765873023,923.0458329195744,1112.7090186928588,755.9689049147695,43.5,210.3353729248047,6.0,37.0,14.644367218017578,14.741477966308594,31.0,1.4204272963209812,1.0,0.1980716765873016,29,5,0,False
4_stack5,4,1,True,16,20,152.99565152128565,13.957081130717173,0.1725438785092355,1.2467884034867551,152.1825661403342,14.561282584067673,11.680199069781143,886.7057634449575,960.0165604475795,1637.0106661722805,75.25598907470703,116.92228698730469,6.8772647574517825,22.435951232910156,17.9949951171875,18.613933563232422,31.0,1.7935609567472264,1.0,0.1980716765873016,18,4,0,False
4_stack5,4,2,True,18,22,94.39263442991603,10.96286618033345,0.1969755860611815,1.041118455760119,103.48923333461894,13.207518856627313,5.7422538818671205,479.2098163911402,402.72047376356375,84.70272799371983,106.66522979736328,276.4703369140625,6.823466092572659,15.244686126708984,14.64260482788086,15.027141571044922,31.0,1.4479526491153412,1.0,0.1980716765873016,18,4,0,False
4_stack5,4,3,True,11,21,52.705584940558936,8.191876157188762,0.058754733442900504,1.4668435740060028,41.184668644035035,9.960359777506802,9.627030526182134,897.0440652544139,1033.381128001195,1795.901841890004,58.702880859375,71.33538055419922,7.206208425720621,23.893238067626953,16.28887939453125,16.695629119873047,31.0,1.6087211462323652,1.0,0.1980716765873016,18,4,0,True
4_stack5,4,4,True,9,23,31.03686043335685,6.286283325477469,0.04439321814931664,0.8049067835672826,33.54875865887263,7.013289432621546,4.661878784765735,699.1351771111599,812.777404282489,931.7692403199843,87.18951416015625,56.04081726074219,5.245967741935484,12.030387878417969,14.946311950683594,14.776527404785156,31.0,1.423804513940993,1.0,0.1980716765873016,18,4,0,True
4_stack5,4,5,True,10,21,22.713001749917797,5.377647441738282,0.02851838036137732,1.2588382060464163,13.055543073450899,8.638549078242617,5.225477306731772,796.4337897911694,909.2498489960402,1795.901841890004,93.84137725830078,55.638484954833984,5.310344827586207,20.87104034423828,16.579605102539062,16.693012237548828,31.0,1.6084689943726211,1.0,0.1980716765873016,18,4,0,True
4_stack5,4,6,True,7,22,9.04624749991461,3.3938238092677824,0.009988818939087395,0.8864143166220915,9.185942438634527,6.060143205454544,1.6682079319110015,905.6373486274343,1058.2936950581716,84.70272799371983,115.14492797851562,65.54805755615234,6.043478260869565,13.447174072265625,15.170303344726562,15.021625518798828,31.0,1.447421145341012,1.0,0.1980716765873016,18,4,0,False
4_stack5,4,7,True,3,22,3.3179062557708776,2.0553562831226273,0.004837464269968519,1.6166686981383798,1.6238058017645174,1.3161365794894064,0.9657916120997776,685.8771601412716,869.0758825923491,84.70272799371983,39.64285659790039,309.83026123046875,2.5,24.13445281982422,14.928508758544922,15.163345336914062,31.0,1.4610766755762161,1.0,0.1980716765873016,18,4,0,False
5_stack1-4,5,1,True,1,11,159.7731084543052,14.262869271969134,0.14868568153823894,1.2548624568253595,156.5562928426353,13.415046986765127,11.615034105936509,1074.5695671658525,1640.5023487991639,1770.4400213861022,66.0324478149414,414.28424072265625,7.533112582781457,27.834774017333984,22.181533813476562,23.04410171508789,34.0,2.2204334714685667,1.0,0.1980716765873016,7,4,0,True
5_stack1-4,5,2,True,8,11,52.92300604165553,8.208755333087579,0.07605058393813122,0.8785984545048102,55.66872754124617,9.082688817963643,6.721146223425308,695.8921720405136,702.5736233958012,1770.4400213861022,78.7813949584961,76.29243469238281,8.586046511627908,20.375457763671875,23.19086456298828,23.045894622802734,34.0,2.220606228573639,1.0,0.1980716765873016,7,4,0,False
5_stack1-4,5,3,True,7,13,0.8332227718607687,1.0299962051905704,0.0016252832692039603,-0.0337632389958816,0.7922867063492064,2.2123709253765442,0.42588474120401176,512.6631078094275,438.2257858683884,1109.4134980113058,41.33333206176758,68.57669067382812,7.666666666666667,-0.5,14.809005737304688,14.744148254394531,34.0,1.4206845941370465,1.0,0.1980716765873016,7,4,0,False
5_stack2-4,5,1,True,4,11,151.06664201352447,13.868814747553941,0.17925422562988347,1.3674862881591918,144.11925093116673,14.31150463195192,10.265143401262272,842.7507997799755,928.9445083072247,1071.4757777843827,67.63302612304688,380.4069519042969,5.7716615698267075,25.05013656616211,18.318382263183594,19.671863555908203,31.0,1.895498675789222,1.0,0.1980716765873016,9,4,0,True
5_stack2-4,5,2,True,6,11,114.30426816586797,12.063859845041126,0.09537344755578273,1.2623252834565637,103.3907992765927,13.207146050849644,11.835055579996652,1198.4915203889725,1435.3169539834369,1071.4757777843827,67.09868621826172,223.38650512695312,6.421052631578948,23.830059051513672,18.877906799316406,19.674671173095703,31.0,1.8957692060643994,1.0,0.1980716765873016,9,4,0,False
5_stack2-4,5,3,True,9,12,10.088286210709018,3.583964975007592,0.011948660244658453,0.6976243137799651,10.376282229415114,3.4290521656855466,2.296686171129691,844.3027087676128,994.1487389350906,1080.6561568258512,82.51764678955078,62.629737854003906,5.694117647058824,9.6171875,13.785625457763672,13.7069091796875,31.0,1.3207405656012485,1.0,0.1980716765873016,9,4,0,True
5_stack3-3,5,1,True,13,21,120.89655323838359,12.406863923058474,0.1195343935408809,1.640108850990661,114.7747932668596,12.794056312096217,10.90118030482461,1011.3955461449414,1434.1399823114537,774.2119658305082,76.7041015625,259.0347595214844,7.105831533477322,23.20724868774414,14.149822235107422,16.149837493896484,30.0,1.556130942901847,1.0,0.1980716765873016,17,5,0,False
5_stack3-3,5,2,True,15,23,115.95280848193474,12.15054324227119,0.14607282325285098,2.244003160489637,126.6905215295324,12.897329201830734,10.338062605062177,793.8013786535862,1045.5824010007536,1360.2261613109126,50.687835693359375,104.30674743652344,7.777280858676208,37.92986297607422,16.902767181396484,19.168704986572266,30.0,1.8470164158763411,1.0,0.1980716765873016,17,5,0,False
5_stack3-3,5,3,True,12,25,39.07919241579742,7.05387646334324,0.06899406664869455,0.8455885080621447,39.27564969859336,8.070497315251489,6.636814847095689,566.4138137382405,602.8448903897632,859.9347359399468,75.04255676269531,199.97341918945312,5.5186170212765955,14.260364532470703,16.864425659179688,16.656566619873047,30.0,1.604957246751638,1.0,0.1980716765873016,17,5,0,False
5_stack3-3,5,4,True,8,20,10.04562914723763,3.5763797731794535,0.011433646301165239,1.1100063254228798,9.50362101367692,5.508113858416485,3.3719306498124633,878.6024057971645,1086.3840856295026,1349.0841628161388,59.46575164794922,391.5869140625,4.205479452054795,20.932632446289062,18.85811996459961,18.896724700927734,30.0,1.8208095306051617,1.0,0.1980716765873016,17,5,0,False
5_stack3-6,5,1,True,5,14,33.42440002615467,6.523593171891326,0.048134504991105005,0.8858810022994785,38.24032973282041,7.241457568258847,4.456298871358721,694.3958399973433,871.9398469941748,1686.286546839308,85.19934844970703,222.9918212890625,3.7679738562091503,18.9537353515625,21.39535140991211,21.3109130859375,34.0,2.05343064826828,1.0,0.1980716765873016,12,7,0,False
5_stack3-6,5,2,True,8,18,11.230137274359546,3.781356221056002,0.015179963716444745,1.1242608214532348,7.124851163372521,11.478218004362395,8.255651386664816,739.8000077031622,821.9577833239575,1450.1467970504243,54.90666580200195,254.222900390625,9.853333333333333,22.742393493652344,20.22875213623047,20.264713287353516,34.0,1.9526232017754284,1.0,0.1980716765873016,12,7,0,False
5_stack4-3,5,1,True,2,13,140.58561330716827,13.379056853288747,0.13861660441185594,1.6715346118800065,147.79530552263134,14.048230585804426,11.200283337982695,1014.204711648123,1425.0380680481173,1384.6287073100298,55.66845703125,204.0,5.24031007751938,38.522979736328125,23.04647445678711,25.531452178955078,30.0,2.4601041817235663,1.0,0.1980716765873016,10,4,0,True
5_stack4-3,5,2,True,3,15,73.78574632430438,9.692622455140896,0.09726908266409612,0.6272588872933009,79.13110854422064,9.123645964050924,8.307120338103203,758.573477855365,629.0128938968551,270.03653394199796,97.6593246459961,302.53375244140625,4.66813509544787,11.802143096923828,18.815425872802734,16.732646942138672,30.0,1.612288029099648,1.0,0.1980716765873016,10,4,0,False
5_stack4-3,5,3,True,8,12,36.85709764350034,6.850395187423118,0.052451906897501795,0.29786943391995074,37.825961034404266,6.619061567596047,6.38959142926169,702.6836548673846,1053.1542520905118,654.0431581210298,89.31692504882812,51.190185546875,4.809230769230769,3.9926223754882812,13.403934478759766,12.600112915039062,30.0,1.2140942965252572,1.0,0.1980716765873016,10,4,0,True
5_stack4-3,5,4,True,9,12,18.686321989314667,4.877721199745806,0.030413338404115364,0.9158557966743307,16.914557288052844,5.268464010874704,3.7057937654971562,614.4120629251979,672.3646838149007,654.0431581210298,88.85713958740234,62.245399475097656,3.6547619047619047,11.647216796875,12.717304229736328,12.661861419677734,30.0,1.2200441247376137,1.0,0.1980716765873016,10,4,0,True
5_stack4-3,5,5,True,10,12,7.0471203036493755,2.9954419118241056,0.010949925851256771,0.9734378641881845,6.771759661777581,3.228595295480882,2.0790880780740157,643.576988499931,699.3173351033145,654.0431581210298,106.38182067871094,131.3415069580078,5.454545454545454,12.331146240234375,12.667625427246094,12.660411834716797,30.0,1.219904448780321,1.0,0.1980716765873016,10,4,0,True
5_stack6-5,5,1,True,7,14,300.5587316465168,19.562291855705173,0.20298633741372596,1.2072327666075944,295.0777653045155,15.049862091280673,14.548437844652632,1480.6845400334464,1934.588337238684,1202.5511896542382,59.60417556762695,515.678955078125,8.039665970772443,21.488189697265625,17.799541473388672,19.05416488647461,29.0,2.1419765104239925,1.0,0.1980716765873016,10,5,0,False
5_stack6-5,5,2,True,5,13,117.37952214858458,12.225066435062624,0.08276967673117519,1.9173625630222526,113.59001687324508,13.580265196357125,10.395978568058027,1418.1464370075714,2075.4326139859995,1402.5579091132395,61.725223541259766,191.0262451171875,7.649549549549549,30.44603729248047,15.87912368774414,17.996429443359375,29.0,2.023071038213873,1.0,0.1980716765873016,10,5,0,True
5_stack6-5,5,3,True,8,15,73.55843496036536,9.677680932969771,0.055005754415846875,1.2798135499353887,75.18026143268904,9.041035562339633,8.421043779527462,1337.286175629173,1671.7705628848491,219.3482872685908,46.604217529296875,321.5603332519531,15.80272952853598,7.1934051513671875,5.62066650390625,6.158042907714844,29.0,0.6922572223499182,1.0,0.1980716765873016,10,5,0,False
5_stack6-5,5,4,True,5,14,56.060112152407996,8.448547311504749,0.039530552479968395,1.6420245226184669,47.496226057233784,11.97229101443594,8.608815846527046,1418.1464370075714,2075.4326139859995,1202.5511896542382,61.4727897644043,191.0262451171875,8.290816326530612,29.836334228515625,18.170455932617188,19.068016052246094,29.0,2.1435335910885756,1.0,0.1980716765873016,10,5,0,True
5_stack6-5,5,5,True,4,11,5.955703978984613,2.753731617783361,0.004846843177527419,4.22419997054813,2.012310229912006,6.852833546452087,2.3035040151381296,1228.780003982483,1479.3749269046723,438.5004125918511,63.869564056396484,124.69970703125,3.717391304347826,33.70329666137695,7.9786224365234375,8.329521179199219,29.0,0.9363642445221293,1.0,0.1980716765873016,10,5,0,True
6_stack1-4,6,1,True,4,19,43.75157473970095,7.463660971870526,0.044049111744183404,0.8300331403341118,38.62119523594079,11.196036985461358,4.366257892702478,993.245334747942,1346.8479166393709,943.1466331491546,51.756500244140625,542.07568359375,6.465721040189125,9.913536071777344,11.94354248046875,11.806461334228516,31.0,1.137621342339247,1.0,0.1980716765873016,17,3,0,False
6_stack1-4,6,2,True,7,21,32.06637248952386,6.38969275551411,0.04078951216179397,0.24550854184196227,41.34923712532657,4.996611729395731,3.491957778344765,786.1425839644938,1082.0685228322309,8.081872147617547,187.71633911132812,462.6748352050781,2.372492836676218,4.713764190673828,19.200000762939453,5.386760711669922,31.0,0.519045781643657,1.0,0.1980716765873016,17,3,0,True
6_stack1-4,6,3,True,5,19,26.80086460241832,5.841568337774698,0.03478463780915693,1.6265313376750328,18.19012881466651,8.7432852449531,4.866158139926085,770.4799098228094,832.6682255390041,943.1466331491546,56.621360778808594,199.6536865234375,5.135922330097087,18.572589874267578,11.418525695800781,11.755802154541016,31.0,1.132740035200179,1.0,0.1980716765873016,17,3,0,True
6_stack2-5,6,1,True,8,20,48.83850341545088,7.885627042552505,0.054225081829292136,2.075663678298146,33.04376062406164,12.116197665628922,7.547398518988195,900.6626042391429,963.7828697979256,933.534697827959,46.65967559814453,217.93455505371094,5.317741935483871,24.287261962890625,11.70096206665039,12.81546401977539,29.0,1.2348446302543086,1.0,0.1980716765873016,14,4,0,False
6_stack2-5,6,2,True,1,20,48.05812291736702,7.82237192570993,0.04992873737205925,1.5922272918386098,41.57699253469608,12.267118694559397,4.438477790280784,962.5343128396623,1242.7643884469953,933.534697827959,54.59745788574219,550.3517456054688,7.345338983050848,19.502269744873047,12.248420715332031,12.785675048828125,29.0,1.2319742893319454,1.0,0.1980716765873016,14,4,0,False
6_stack2-5,6,3,True,7,19,44.4984966713931,7.527100746189312,0.07330469772430966,1.736462714911674,45.97467377600907,8.421175149934694,5.51178959554902,607.0347201859655,660.2418755934743,1123.340996129773,50.094852447509766,582.2310791015625,8.493224932249323,23.565216064453125,13.570816040039062,14.204788208007812,29.0,1.3687141109749372,1.0,0.1980716765873016,14,4,0,False
6_stack2-5,6,4,True,3,22,38.919637841313175,7.039461766806536,0.046122187236866195,2.5557628926446125,50.82508413747806,5.001562925169558,3.565290178571429,843.8376445903696,1141.3486627111151,8.552660816410803,181.22015380859375,481.0960998535156,2.787798408488064,9.341758728027344,3.6551742553710938,9.166133880615234,29.0,0.8832104077701735,1.0,0.1980716765873016,14,4,0,False
6_stack3-3,6,1,True,14,15,17.414308167409082,4.70877752744274,0.00632449356473488,,18.820794534911496,3.0204185472053626,3.020418547205362,2753.4707702938554,4801.5344006333435,13.456709449673879,88.57360076904297,307.4601135253906,1.2411167512690355,4.545112609863281,-6.0,4.531913757324219,28.0,0.5094556950300352,1.0,0.1980716765873016,13,2,0,True
6_stack3-6,6,1,True,6,23,186.0262526483334,15.390126095349329,0.18980141369188952,1.162326119527621,186.7898931332697,15.097716080049523,11.898278892949683,980.1099424386563,1283.879932188273,986.1060991765391,81.5315933227539,577.5643920898438,5.4005123825789925,18.318439483642578,15.760154724121094,16.345630645751953,27.0,1.8374962691815528,1.0,0.1980716765873016,21,5,0,False
6_stack3-6,6,2,True,21,24,94.51659405418904,10.970062223318235,0.07275431784871943,0.9726178803942819,85.76727728676696,11.416056914829735,10.39615329719646,1299.1200639214385,1347.9464235332218,763.6192207826599,61.332427978515625,144.8813934326172,6.454710144927536,15.518806457519531,15.955707550048828,15.88437271118164,27.0,1.7856438963810204,1.0,0.1980716765873016,21,5,0,False
6_stack3-6,6,3,True,15,26,55.85598724464249,8.433151947528376,0.06540975879958627,3.061150700523096,57.63312869313443,11.156440666528932,6.933821433809595,853.9396608353766,799.281462443749,552.3135732726206,86.10136413574219,83.98568725585938,6.723196881091618,42.26966094970703,13.808422088623047,18.19149398803711,27.0,2.0449992452597163,1.0,0.1980716765873016,21,5,0,False
6_stack3-6,6,4,True,17,24,49.40773961214284,7.9314492931719744,0.05664831783368499,0.9106703556785226,47.79464152310411,10.067772004098247,6.717816235744091,872.1837029159468,1093.6813099957978,763.6192207826599,52.603580474853516,196.5623779296875,7.432225063938619,14.59002685546875,16.021194458007812,15.884410858154297,27.0,1.785648184678086,1.0,0.1980716765873016,21,5,0,False
6_stack3-6,6,5,True,18,25,42.26585320059611,7.335840489471551,0.04446523192118957,2.0506259313052753,40.040162403417135,7.320879511477454,6.706809836805268,950.5371134802209,1530.3770326906083,1177.4816930409975,93.31436157226562,98.5276107788086,6.5528455284552845,13.292240142822266,6.4820404052734375,6.942577362060547,27.0,0.780450768634366,1.0,0.1980716765873016,21,5,0,True
6_stack3-6,6,6,True,21,23,35.75997917565314,6.747667715985095,0.027526308128680906,1.8628973840693246,28.55877211905451,9.465584107012374,9.317305434195426,1299.1200639214383,1347.9464235332218,986.1060991765391,66.6163558959961,144.8813934326172,5.062893081761007,29.01906967163086,15.577384948730469,16.343963623046875,27.0,1.8373088705997784,1.0,0.1980716765873016,21,5,0,False
6_stack3-6,6,7,True,6,24,12.962741468303237,4.062594619897736,0.013225803460426133,1.2429652027709959,11.047052306052448,9.272378767530702,1.7844454709012583,980.1099424386563,1283.879932188273,763.6192207826599,105.02999877929688,577.5643920898438,5.26,19.585601806640625,15.757160186767578,15.883842468261719,27.0,1.785584289051806,1.0,0.1980716765873016,21,5,0,False
6_stack4-5,6,1,True,10,14,69.20216447183583,9.386742373518521,0.07772773179614412,0.8263367290272944,68.46786923647588,10.557742517943417,8.108088110730542,890.3149863337293,1337.0398193728447,1150.0582530837903,57.980987548828125,261.7873229980469,6.835234474017744,43.94636535644531,53.182151794433594,52.22322082519531,27.0,5.870680398365645,1.0,0.1980716765873016,13,6,0,True
6_stack4-5,6,2,True,9,15,63.07908534733534,8.961851700957327,0.11102387129636088,1.2774476886871091,65.88998994565365,9.679764503758232,8.67369568116387,568.1578620056904,692.2162726823495,998.9350904011553,67.70275115966797,228.5398712158203,7.097247706422018,20.110366821289062,15.74261474609375,16.153972625732422,27.0,1.8159510070636828,1.0,0.1980716765873016,13,6,0,False
6_stack4-5,6,3,True,3,15,51.48332232385754,8.096332618975213,0.07700582286928774,1.3816434439194736,46.74022424476337,10.125279660413682,7.260491839090461,668.5640177009349,709.4785238714356,998.9350904011553,65.58424377441406,208.75051879882812,5.135667396061269,21.558589935302734,15.603584289550781,16.154022216796875,27.0,1.8159565818498684,1.0,0.1980716765873016,13,6,0,True
6_stack4-5,6,4,True,13,14,39.1195777863611,7.057520344351704,0.07108994774088356,0.9726257463981821,36.790641068631324,8.840774817367098,5.671762440068829,550.2828322359784,686.8806677693593,1150.0582530837903,79.11206817626953,131.190185546875,4.830459770114943,50.87718963623047,52.309112548828125,52.22322082519531,27.0,5.870680398365645,1.0,0.1980716765873016,13,6,0,True
6_stack4-5,6,5,True,4,18,32.69420766223664,6.45194219435846,0.03297439370156615,0.7584082964201952,40.149348678262086,4.0446376866396845,3.532765598396927,991.502920664279,1277.0142641017048,12.632829279285682,110.88833618164062,357.3987731933594,2.607940446650124,12.342887878417969,16.27472686767578,12.701404571533203,27.0,1.4278301045315294,1.0,0.1980716765873016,13,6,0,True
6_stack4-5,6,6,True,7,17,17.76611936501783,4.756104049747635,0.03221758669323236,0.9455642173546173,16.594968981753674,5.985586378881651,3.4265579638521153,551.4416562041808,768.2094103033942,547.1348979158947,86.6551742553711,515.200439453125,5.482758620689655,10.101226806640625,10.682750701904297,10.656177520751953,27.0,1.197915630328209,1.0,0.1980716765873016,13,6,0,False
6_stackf1,6,1,True,4,28,167.1401132153021,14.587988266283833,0.19922786052206273,1.0438420580034342,176.507353532041,11.623574206111506,7.18897125571193,838.9394574499926,1023.2199392330741,168.0715547591921,111.08645629882812,585.07568359375,5.408006814310051,10.110786437988281,9.686126708984375,9.986000061035156,30.0,0.962209291373328,1.0,0.1980716765873016,20,7,0,False
6_stackf1,6,2,True,6,24,120.55826186952731,12.389493389837192,0.1150591367384773,1.034337687857007,116.40154656381145,13.403901853844909,10.537821978718938,1047.7939022222042,1370.6227444134304,1125.6164746956072,77.28485107421875,477.0,6.942667471333736,14.867179870605469,14.37362289428711,14.443965911865234,30.0,1.3917602763599086,1.0,0.1980716765873016,20,7,0,True
6_stackf1,6,3,True,14,24,114.94220924001073,12.097477677747749,0.08236606326709535,1.186249715813747,90.41770624039185,13.522832531571705,12.26630963487948,1395.504467261935,1368.3080334585302,1125.6164746956072,68.08979797363281,151.3169708251953,6.123265306122449,16.719467163085938,14.094390869140625,14.436119079589844,30.0,1.3910041883489852,1.0,0.1980716765873016,20,7,0,True
6_stackf1,6,4,True,19,26,59.185771915369145,8.68087929234843,0.0818044567253553,0.6597759122399036,60.298315247650805,5.6579819754895855,4.624410641007072,723.503025196725,666.6759874003154,38.17311456131978,77.9714584350586,215.570556640625,10.394495412844037,6.6149139404296875,10.0260009765625,7.357421875,30.0,0.708930467194942,1.0,0.1980716765873016,20,7,0,True
6_stackf1,6,5,True,6,23,52.38768966104699,8.167134022027462,0.049998086026212835,1.7411112196683798,55.42482231449618,7.580602160149171,6.355574860925138,1047.793902222204,1370.6227444134304,416.7264366601631,74.39968872070312,477.0,4.537037037037037,22.569568634033203,12.962738037109375,14.503036499023438,30.0,1.3974520716195822,1.0,0.1980716765873016,20,7,0,False
6_stackf1,6,6,True,15,22,44.237106468932545,7.504960579570328,0.04789549974336052,1.043379232724821,43.80161452731908,8.341678666274161,6.116589750012188,923.6171812794349,1462.3088376609169,1270.1878284042025,118.00506591796875,94.4396743774414,7.141772151898734,5.820903778076172,5.578895568847656,5.595939636230469,30.0,0.5392013898492887,1.0,0.1980716765873016,20,7,0,True
6_stackf1,6,7,True,17,27,32.584906228198506,6.441148280487683,0.04530072702485366,0.30826189539140963,33.378460983810754,7.702503568942353,4.4240872752389295,719.3020591109105,909.7598700538996,794.2989490323538,123.73469543457031,96.28834533691406,8.595238095238095,3.591472625732422,11.650718688964844,11.068634033203125,30.0,1.0665273827822366,1.0,0.1980716765873016,20,7,0,False
6_stackf1,6,8,True,12,24,28.59621781696019,6.0340562936066435,0.040333501419844535,1.700403243108774,25.504374965668685,9.303180074604064,4.92367716253464,708.994181271119,900.1087023436379,1125.6164746956072,51.26511764526367,151.23312377929688,7.4,23.884326934814453,14.046272277832031,14.444774627685547,30.0,1.3918382008413455,1.0,0.1980716765873016,20,7,0,True
6_stackf1,6,9,True,4,25,26.0000693536171,5.753635065493996,0.03099159197094614,2.5660478627711893,24.208834159160986,7.223585482600548,3.2443541149415918,838.9394574499926,1023.2199392330741,221.46683627816046,75.35611724853516,585.07568359375,8.967625899280575,14.462543487548828,5.636116027832031,6.638008117675781,30.0,0.6396107598638564,1.0,0.1980716765873016,20,7,0,False
6_stackf1,6,10,True,14,23,18.342765098572006,4.8326735750813805,0.013144182285966904,2.145487000062139,19.917225900901357,5.335858182432136,4.462398476148767,1395.504467261935,1368.3080334585302,416.7264366601631,58.18367385864258,151.3169708251953,3.2993197278911564,28.844738006591797,13.444377899169922,14.50589370727539,30.0,1.397727380282772,1.0,0.1980716765873016,20,7,0,False
6_stackf2,6,1,True,8,19,39.11456196754072,7.057067880647518,0.048606382160477114,1.0282276056080208,36.478691687359266,7.900305825544088,6.462862042830143,804.7207018700027,1125.6557070846732,560.1992834749076,87.60932922363281,473.58282470703125,3.9183673469387754,12.342292785644531,12.003463745117188,12.038108825683594,29.0,1.159941927882914,1.0,0.1980716765873016,16,4,0,True
6_stackf2,6,2,True,7,20,34.497459526856574,6.627482905484899,0.03306782643328871,1.267746164146205,33.50570680729296,9.108328987434287,5.25253571410531,1043.2333554324175,1447.9105508736563,747.4554764874249,94.24842834472656,478.63189697265625,4.317610062893082,13.41379165649414,10.580818176269531,10.810375213623047,29.0,1.0416426407173243,1.0,0.1980716765873016,16,4,0,False
6_stackf2,6,3,True,7,21,30.37982522630797,6.2193886227086805,0.029120833865320203,0.6976208491816432,29.21895577547742,7.100445144192907,4.301255555111517,1043.2333554324175,1447.9105508736563,572.7536479760611,87.53284454345703,478.63189697265625,4.313868613138686,10.480865478515625,15.023727416992188,14.677436828613281,29.0,1.4142565595551173,1.0,0.1980716765873016,16,4,0,True
