Image,Condition,IS,T_Cell,Tumour_Cell,Contact_Area_um2,Contact_Diameter_um,Contact_Fraction_T,mCherry_Enrichment,Contact_Area_Voxelface_um2,Contact_Length_um,Contact_Width_um,T_Surface_um2,T_Volume_um3,Tumour_Volume_um3,GFP_IS,DAPI_T,Z_Contact,mCherry_IS,mCherry_TumourSurface,mCherry_TumourMean,mCherry_Background,mCherry_SNR,Voxel_Z_um,Voxel_XY_um,N_T_Cells,N_Tumour_Cells,Clipped_Z
4_stack1,4,1,17,27,309.3319998507396,19.8457485286389,0.1002758450697964,1.1260757348889299,295.38000023289936,19.8764646515627,11.363925879242693,3084.810700278127,3679.1349818411572,612.4568257109589,85.79242706298828,250.86465454101562,12.043445121951219,19.075077056884766,16.93942642211914,17.616355895996094,34.0,1.6974385359166158,1.0,0.1980716765873016,18,6,True
4_stack1,4,2,20,2,121.06673296704504,12.415593097614545,0.10104020342521838,0.8408948887172009,134.65955373639574,14.083266972102168,7.496375453601209,1198.2035750417767,1939.7277802063436,248.57641712283873,112.11390686035156,227.1483154296875,5.4674556213017755,18.721019744873047,22.26321029663086,21.011566162109375,34.0,2.0245868279507397,1.0,0.1980716765873016,18,6,True
4_stack1,4,3,20,21,64.92042287691247,9.091713241618121,0.054181463174693786,0.922182741393369,60.32887094775926,10.084867206807218,5.378271466066513,1198.2035750417767,1939.7277802063436,935.9671059500574,103.4283676147461,227.1483154296875,6.998595505617978,12.265480041503906,13.300487518310547,13.219268798828125,34.0,1.2737535735680159,1.0,0.1980716765873016,18,6,True
4_stack1,4,4,20,24,43.50151078208232,7.4423009737224595,0.0363056092371996,0.49448953452396793,45.712543204017535,8.489245257335536,6.738912117432211,1198.2035750417767,1939.7277802063436,736.1957808254529,81.2473373413086,227.1483154296875,11.007978723404255,7.060295104980469,14.277946472167969,13.694599151611328,34.0,1.3195544226691873,1.0,0.1980716765873016,18,6,True
4_stack1,4,5,20,28,38.44280465705915,6.996206050417382,0.03208370051451299,0.37232988869782296,38.290148542100944,6.422408255874759,5.773819321591549,1198.2035750417767,1939.7277802063436,80.2302356401839,52.89487075805664,227.1483154296875,14.335897435897436,6.342594146728516,17.03487777709961,13.491561889648438,34.0,1.2999905994405059,1.0,0.1980716765873016,18,6,True
4_stack1,4,6,17,8,7.3060139333665965,3.0499681726779446,0.0023683832310060016,1.4529976109869391,4.710668386515576,10.560911861620363,2.52028386377237,3084.810700278127,3679.1349818411572,680.8781122422454,115.68627166748047,250.86465454101562,11.254901960784315,25.06402587890625,17.249874114990234,17.35488510131836,34.0,1.6722443013358075,1.0,0.1980716765873016,18,6,True
4_stack1,4,7,13,27,3.9735976279246583,2.249298031551069,0.005433618741826457,1.0630358435500367,2.531879944055259,1.8822770686316799,1.048270848691523,731.2985722272028,674.8363243260652,612.4568257109589,42.5,182.0157928466797,4.346153846153846,18.721805572509766,17.61164093017578,17.617347717285156,34.0,1.6975341036768685,1.0,0.1980716765873016,18,6,True
4_stack1,4,8,17,21,1.51631683191989,1.3894727607074364,0.00049154291113655,2.00814688923912,0.2353943343966276,1.0,0.612279877082815,3084.810700278127,3679.1349818411572,935.9671059500574,46.16666793823242,250.86465454101562,12.5,26.42696762084961,13.15987777709961,13.212989807128906,34.0,1.2731485561319538,1.0,0.1980716765873016,18,6,True
4_stack3,4,1,23,22,8.121283262068612,3.2156397502303546,0.011175562842425607,0.15154710920361256,8.275958565087006,3.133706748148449,2.2989791869976886,726.700156097545,1176.971671983138,1108.9034769534464,41.425926208496094,290.2977294921875,6.018518518518518,1.5110416412353516,9.970771789550781,9.809921264648438,30.0,0.9452430733819804,1.0,0.1980716765873016,21,2,True
4_stack4,4,1,4,36,494.4449775186898,25.090773166096024,0.3495202405248245,0.9890002136535888,540.9133189339036,16.910448726755643,14.656843958952674,1414.6390400059595,1260.4189635267426,1208.2398860688234,139.27777099609375,248.0980224609375,5.769567255116388,16.775283813476562,16.96186065673828,16.884113311767578,31.0,1.6268826963634906,1.0,0.1980716765873016,36,3,True
4_stack4,4,2,16,46,485.1245987001057,24.853165254927813,0.1821675925272053,0.7824949697507226,484.61687316759975,20.75801618892939,15.749624187010028,2663.0675191453506,3917.1186539161477,1223.9720740843313,92.2610855102539,440.7059020996094,8.054688706936506,17.615264892578125,22.51166534423828,20.18021011352539,31.0,1.9444808286018869,1.0,0.1980716765873016,36,3,True
4_stack4,4,3,16,47,8.851396313306916,3.3570742935218747,0.003323759630453368,1.4526568749210127,8.032925305663262,3.1341384317204137,2.590685727318533,2663.06751914535,3917.1186539161477,1228.4445664378673,47.123077392578125,440.7059020996094,6.476923076923077,29.158618927001953,20.072612762451172,20.152435302734375,31.0,1.941804563746499,1.0,0.1980716765873016,36,3,True
4_stack5,4,1,1,17,415.9712406369423,23.013714021241796,0.42241103583957523,0.9162657135000634,443.4167608769062,18.22684591712664,15.863409410014565,984.7546710283425,752.8303137894811,1144.5657186145356,112.79161071777344,240.1527557373047,4.776334269662922,20.744548797607422,22.64031982421875,21.97079086303711,30.0,2.117013717006035,1.0,0.1980716765873016,20,7,True
4_stack5,4,2,19,26,257.9230089180901,18.121748658768897,0.1946014291098893,1.9790378075850164,268.73008126268223,15.227096467563912,11.462406361393333,1325.3911345761176,1100.3900485261017,779.0767820747052,104.52964782714844,418.7876281738281,8.476367802921798,30.841022491455078,15.583847045898438,19.900619506835938,30.0,1.9175406445549212,1.0,0.1980716765873016,20,7,True
4_stack5,4,3,19,18,137.90482701615724,13.250882203341535,0.10404840006739711,2.116345101293859,144.75755557643885,13.214632898514388,6.765340390547048,1325.3911345761176,1100.3900485261017,2253.351498400784,103.9869155883789,418.7876281738281,6.234384295062463,31.595046997070312,14.929061889648438,16.40957260131836,30.0,1.5811579339022126,1.0,0.1980716765873016,20,7,True
4_stack5,4,4,29,25,48.39530572797564,7.849765412571685,0.1353873711164908,0.4393645340368998,53.765603586179125,9.478171685932752,7.13486357823584,357.4580503992139,254.61820503901885,1064.3354829743516,74.6080322265625,265.7477111816406,12.110898661567878,8.231010437011719,18.733898162841797,18.16427230834961,30.0,1.75023347479506,1.0,0.1980716765873016,20,7,True
4_stack5,4,5,8,26,47.26038545319143,7.757176784012968,0.05960119459812229,2.1783250962870904,39.58099791876884,11.722543493272473,6.008163313336112,792.943594031257,701.3966517238181,779.0767820747052,87.33258056640625,432.2782897949219,7.975113122171946,40.22479248046875,18.465927124023438,19.899456024169922,30.0,1.9174285362207784,1.0,0.1980716765873016,20,7,True
4_stack5,4,6,29,17,34.380081535175066,6.616198255932487,0.09617934607089958,1.2703251982502441,24.27202108723897,12.64631396477468,4.656314032670228,357.458050399214,254.61820503901885,1144.5657186145356,88.56493377685547,265.7477111816406,7.503246753246753,27.568466186523438,21.70189666748047,21.972049713134766,30.0,2.117135014547894,1.0,0.1980716765873016,20,7,True
5_stack1-4,5,1,5,6,228.572398816838,17.059525697057783,0.20724748542434904,1.939333539906016,254.9064148028031,15.39899306281044,13.763999440672796,1102.8958848346226,1765.379043196575,2614.0148510854833,95.33480834960938,408.3299865722656,7.229406554472985,33.44926452636719,17.247814178466797,19.885616302490234,34.0,1.9160949983969426,1.0,0.1980716765873016,4,4,True
5_stack2-4,5,1,4,26,233.0445104827213,17.225605546106323,0.34130140676117315,1.4974829223670707,238.795393827731,14.754952202457506,11.325339508510552,682.81145599202,653.6116018413027,1717.1624370343322,73.34806823730469,287.31951904296875,6.337088144184737,24.529617309570312,16.380565643310547,18.11322784423828,31.0,1.745315043256817,1.0,0.1980716765873016,15,8,True
5_stack2-4,5,2,14,26,145.3838147710879,13.605455601743044,0.24513113452666174,1.3614936633378707,151.2517410195664,14.08105661963539,10.937344832067193,593.0858805504986,505.7447274511544,1717.1624370343322,68.58451843261719,267.6574401855469,6.05077399380805,23.411766052246094,17.195648193359375,18.113983154296875,31.0,1.7453878217819325,1.0,0.1980716765873016,15,8,True
5_stack2-4,5,3,22,26,81.0702974236408,10.15981833416428,0.04985571093634122,1.555043210326561,89.98511219673418,13.251628124237527,7.4846602989029165,1626.0985131102884,2071.9801637481823,1717.1624370343322,72.90263366699219,257.1183166503906,9.213058419243985,27.01443862915039,17.372146606445312,18.111061096191406,31.0,1.7451062644574953,1.0,0.1980716765873016,15,8,True
5_stack3-3,5,1,13,21,258.2584198389884,18.13352786690489,0.4199080368680025,1.7720332206826013,266.20168918793195,13.670560950198132,12.932435141332935,615.0356677268637,734.391090928412,1236.4087414182866,67.61528778076172,331.8374328613281,7.044036697247706,22.1663818359375,12.509010314941406,15.246723175048828,30.0,1.4691106160987017,1.0,0.1980716765873016,30,11,True
5_stack3-3,5,2,7,40,246.88843525928093,17.72986516897135,0.3434245027830125,2.1113450304587307,249.0117990056944,15.479133834123841,11.921605803916643,718.9016312422925,491.5818349982906,757.1851089758188,117.96419525146484,273.2093200683594,8.679962311557789,23.183727264404297,10.980548858642578,15.34085464477539,30.0,1.478180731683313,1.0,0.1980716765873016,30,11,True
5_stack3-3,5,3,19,21,76.4724704165837,9.867511004198791,0.07585399472239356,2.2145945041813326,62.17852242763651,11.915304638782974,6.87418841366478,1008.1535019540316,1430.2952081829753,1236.4087414182866,65.11469268798828,371.22442626953125,4.43847072879331,30.102092742919922,13.592597961425781,15.24484634399414,30.0,1.4689297724908386,1.0,0.1980716765873016,30,11,True
5_stack3-3,5,4,11,39,56.10716962210351,8.452092469088683,0.16093527851805794,2.416712745195933,51.93243351689092,8.753789808671272,5.460204562702489,348.6318856794841,275.4898360221865,741.9237096291041,117.08172607421875,287.7074890136719,6.548240635641316,25.759281158447266,10.658809661865234,12.514423370361328,30.0,1.205837609607721,1.0,0.1980716765873016,30,11,True
5_stack3-3,5,5,24,40,41.613501774180975,7.279007903127601,0.0922027775152386,2.602200224768906,34.58806388376342,10.203018250183684,5.402753231281336,451.32590249033876,335.0838350135994,757.1851089758188,121.17372131347656,273.24853515625,11.011135857461024,35.42804718017578,13.61465072631836,15.342269897460938,30.0,1.4783170995258277,1.0,0.1980716765873016,30,11,True
5_stack3-3,5,6,32,40,9.839757269769056,3.5395434827764527,0.020274086006359656,1.7475521129084215,6.597642524202154,2.9238863298242252,2.3989423720365686,485.33666408845664,383.0258144523792,757.1851089758188,61.72972869873047,284.11517333984375,13.225225225225225,26.42642593383789,15.121967315673828,15.34085464477539,30.0,1.478180731683313,1.0,0.1980716765873016,30,11,True
5_stack3-3,5,7,7,39,8.636629175235326,3.3160967716764613,0.012013645260911239,1.723016634890505,4.508777247414717,6.252746770431521,1.5860337466451773,718.9016312422925,491.5818349982906,741.9237096291041,113.90908813476562,273.2093200683594,8.472727272727273,21.163841247558594,12.283016204833984,12.514347076416016,30.0,1.2058302582415477,1.0,0.1980716765873016,30,11,True
5_stack3-3,5,8,11,40,8.558793541779888,3.3011201723987686,0.024549657943933566,1.620967140728592,7.954460527531054,8.465183389058494,1.912208831615347,348.6318856794842,275.4898360221865,757.1851089758188,134.0,287.7074890136719,4.544117647058823,24.551631927490234,15.146286010742188,15.34762191772461,30.0,1.4788327978628844,1.0,0.1980716765873016,30,11,True
5_stack3-3,5,9,12,21,1.267405987686973,1.2703194176100674,0.0021722575998501356,2.9976901656901656,0.6334474188280094,3.1090952662066975,0.27573026872157,583.4510546881786,700.0627504955705,1236.4087414182866,105.57142639160156,279.9803771972656,4.571428571428571,45.3780517578125,15.137672424316406,15.230358123779297,30.0,1.4675337480545299,1.0,0.1980716765873016,30,11,True
5_stack3-6,5,1,17,7,139.9564455417888,13.349085399546247,0.1816886096799964,1.3708563598299686,162.47203849586802,10.410880318355002,8.754330871762555,770.3094089843639,767.9347835799315,804.8132293020698,160.904052734375,306.7911682128906,3.4854368932038833,20.260486602783203,14.779438018798828,15.777828216552734,34.0,1.5202856814408605,1.0,0.1980716765873016,6,15,True
5_stack3-6,5,2,16,20,48.302417707839254,7.842228530968535,0.05810913895176646,1.609348670049536,42.088923323812224,12.347074696182109,8.423668890938846,831.2361631779248,1180.0710307193604,611.3975512061741,68.37471008300781,308.61456298828125,9.850117096018735,24.616943359375,15.296215057373047,16.125640869140625,34.0,1.5537994571199865,1.0,0.1980716765873016,6,15,True
5_stack3-6,5,3,16,23,20.258511174125488,5.078773232224071,0.0243715469460262,2.089191711093987,13.124459195299213,9.107446286274506,3.2093488057300017,831.2361631779248,1180.0710307193604,456.70424111852367,62.138553619384766,308.61456298828125,12.855421686746988,30.405906677246094,14.553909301757812,15.470726013183594,34.0,1.4906945947518047,1.0,0.1980716765873016,6,15,True
5_stack3-6,5,4,16,24,9.630128884580657,3.5016368910474447,0.011585310301904348,0.9628482541988078,5.973743761658038,5.095149080126088,2.103247110043767,831.2361631779248,1180.0710307193604,249.59645923855746,53.01612854003906,308.61456298828125,13.46774193548387,15.597297668457031,16.19912338256836,16.177688598632812,34.0,1.5588145591234084,1.0,0.1980716765873016,6,15,True
5_stack3-6,5,5,16,5,4.8309770546336726,2.4801191555382567,0.0058117984619006635,0.12245788583697366,2.0553620814916678,3.1521205073047645,0.8419787047094414,831.2361631779248,1180.0710307193604,1660.1970081103484,108.06896209716797,308.61456298828125,9.172413793103448,1.18817138671875,9.702693939208984,9.635673522949219,34.0,0.9284532881787918,1.0,0.1980716765873016,6,15,True
5_stack3-6,5,6,16,2,1.9572862818713979,1.578636846917719,0.0023546693088862206,0.27983688163467413,0.196161945330523,2.038988945519177,0.5892176487975809,831.2361631779247,1180.0710307193604,378.27869537538055,46.599998474121094,308.61456298828125,5.7,13.676769256591797,48.87407684326172,48.56690979003906,34.0,4.679704743404699,1.0,0.1980716765873016,6,15,True
5_stack4-3,5,1,15,18,45.293347007515486,7.594029268009227,0.12684917089532788,1.5043044409444277,53.425008236055376,7.690569330202129,5.600647123517392,357.06458850164813,311.5051691848705,110.94919627894382,70.64675903320312,381.5653076171875,4.474402730375426,13.528141021728516,8.99295425415039,10.482906341552734,30.0,1.0100891068283073,1.0,0.1980716765873016,15,10,True
5_stack4-3,5,2,15,21,23.521775880576314,5.472554724582251,0.06587540920616311,1.4345052698208562,18.124160188005504,6.648890683172414,3.775774057913008,357.06458850164813,311.5051691848705,429.94775177544034,62.97553634643555,381.5653076171875,4.400611620795107,8.714286804199219,6.07476806640625,6.292182922363281,30.0,0.6062884872735446,1.0,0.1980716765873016,15,10,True
5_stack4-3,5,3,15,3,15.15409230103461,4.392583474704145,0.04244075942849948,1.354216390950152,16.624652714535884,5.229525763627311,3.0435113870054167,357.06458850164813,311.5051691848705,302.24632536526985,39.2164192199707,381.5653076171875,3.0522388059701493,6.034358978271484,4.4559783935546875,4.578998565673828,30.0,0.44121319228389577,1.0,0.1980716765873016,15,10,True
5_stack6-5,5,1,3,25,586.5103421485392,27.32705913594931,0.3774030889401147,1.3991093636427763,607.3275270392355,18.45823675482299,17.57851644976717,1554.0687380054937,1035.7350713451615,2153.9758568963407,114.89064025878906,289.0099182128906,5.8476157164509734,17.40235137939453,12.438163757324219,14.299137115478516,30.0,1.3778051779531426,1.0,0.1980716765873016,20,4,True
5_stack6-5,5,2,1,17,369.36071381541007,21.686047751985317,0.4558380004137347,2.609726793420051,369.68689427912824,15.869948768871154,14.364527641022416,810.28943063142,524.693971370083,2250.2521396645616,112.90789794921875,291.124267578125,8.842467180662638,24.733558654785156,9.47745132446289,13.446109771728516,30.0,1.2956110230427653,1.0,0.1980716765873016,20,4,True
5_stack6-5,5,3,11,25,248.21678159930792,17.7774976304071,0.31311199771407283,1.5491239107462107,242.2249272904669,15.503286239194036,11.840222828996643,792.7412025455958,559.2577061373211,2153.9758568963407,101.28828430175781,289.38067626953125,6.511397157414857,20.17638397216797,13.024383544921875,14.298213958740234,30.0,1.3777162264224456,1.0,0.1980716765873016,20,4,True
5_stack6-5,5,4,18,26,74.52567904026222,9.741100638649737,0.30521802693036443,1.454624360500822,64.2713729635418,8.050500573288266,6.469133588187273,244.17194419930274,140.49118524572057,778.8413877403085,112.0727310180664,266.1071472167969,10.26198347107438,12.08926773071289,8.310920715332031,8.79513931274414,30.0,0.8474629194792918,1.0,0.1980716765873016,20,4,True
5_stack6-5,5,5,13,26,70.50793778971064,9.474887577780875,0.09456334430883098,0.728821953108114,64.53732299804688,9.028186583270013,7.0679620691708305,745.6159498699764,561.2193255906263,778.8413877403085,131.83778381347656,268.8866882324219,11.793893129770993,6.624507904052734,9.089336395263672,8.792533874511719,30.0,0.8472118703244736,1.0,0.1980716765873016,20,4,True
5_stack6-5,5,6,24,26,66.89283864722088,9.228792305888687,0.3064453360462465,1.6493113707332678,67.65386931558015,9.713257964100094,7.031418052958022,218.28636555632193,110.79226672267939,778.8413877403085,101.79947662353516,268.1916198730469,12.561295971978984,13.392658233642578,8.12015151977539,8.792533874511719,30.0,0.8472118703244736,1.0,0.1980716765873016,20,4,True
5_stack6-5,5,7,15,26,58.20908226580772,8.608954954207197,0.0981292253052508,1.3557354793954342,40.63367126245708,10.80611548639176,8.546956353201702,593.1880342959664,418.4918941681378,778.8413877403085,114.60551452636719,258.8133544921875,11.57655172413793,11.436256408691406,8.435462951660156,8.792533874511719,30.0,0.8472118703244736,1.0,0.1980716765873016,20,4,True
5_stack6-5,5,8,7,17,36.48554321358008,6.815778490434809,0.09187210223384083,1.8373505499900553,34.788045291607496,11.51800435493038,3.884641802238619,397.13408452017256,350.7767906400412,2250.2521396645616,117.619384765625,293.4190368652344,6.801418439716312,23.998394012451172,13.061412811279297,13.447463989257812,30.0,1.2957415097923413,1.0,0.1980716765873016,20,4,True
5_stack6-5,5,9,2,25,30.319856071309182,6.213247117302624,0.056539416651500356,1.6917180790627788,24.787771338868666,9.045286138883247,6.0725444090773735,536.2605040337749,497.8982496379335,2153.9758568963407,122.59756469726562,297.08758544921875,10.356707317073171,23.67346954345703,13.993743896484375,14.303199768066406,30.0,1.3781966382018704,1.0,0.1980716765873016,20,4,True
5_stack6-5,5,10,20,17,29.904240694760066,6.170515522048951,0.05650664928418488,2.2125365477148633,25.34171621563393,9.77501041650392,4.704290892809051,529.2163147803153,411.58699369250337,2250.2521396645616,117.07291412353516,280.8104248046875,11.786458333333334,28.63886260986328,12.943904876708984,13.445728302001953,30.0,1.295574266211899,1.0,0.1980716765873016,20,4,True
5_stack6-5,5,11,4,25,24.049207166604113,5.533570419182233,0.07710446830353349,1.1475199067561894,16.351063755003686,8.832082335268183,2.7666529458303666,311.90419564182383,213.8557527993362,2153.9758568963407,75.53404998779297,271.1898498535156,8.498207885304659,16.359806060791016,14.256664276123047,14.302276611328125,30.0,1.3781076866711737,1.0,0.1980716765873016,20,4,True
5_stack6-5,5,12,18,27,4.471241704027665,2.3859928230481033,0.018311856911693594,0.7662375724062643,0.7061830031898828,2.863365438928583,1.4594663943483237,244.17194419930274,140.49118524572057,438.65734214811556,106.47222137451172,266.1071472167969,10.88888888888889,3.7699546813964844,4.920085906982422,4.8956146240234375,30.0,0.47172099433476156,1.0,0.1980716765873016,20,4,True
6_stack1-4,6,1,8,26,80.05199657850532,10.095809411768673,0.11007623897500343,0.593604006697162,84.44205274747704,11.611952026429533,6.605080663202459,727.2413858242728,897.950920945002,1636.81450422695,71.8833999633789,442.3301086425781,6.451581027667984,7.3398284912109375,12.364856719970703,11.938129425048828,31.0,1.1503083300811197,1.0,0.1980716765873016,18,1,True
6_stack1-4,6,2,1,26,58.964315143333025,8.664623348346886,0.1461121519377457,2.3063594573030315,51.819427779532404,9.580704311583325,5.821698852823041,403.5551756739307,311.93672546459766,1636.81450422695,77.04789733886719,294.85162353515625,5.373004354136429,25.1962890625,10.924701690673828,11.943611145019531,31.0,1.1508365257406707,1.0,0.1980716765873016,18,1,True
6_stack1-4,6,3,3,26,36.278418749531696,6.796404738710411,0.060678414141916756,1.746519101502901,21.06555160403282,11.577173862161473,7.76076330114448,597.8801401216994,521.4769154666624,1636.81450422695,76.84494018554688,293.1866760253906,6.965189873417722,20.13050079345703,11.526069641113281,11.94314193725586,31.0,1.150791314838705,1.0,0.1980716765873016,18,1,True
6_stack2-5,6,1,13,24,24.063475922238414,5.535211750960968,0.039149955346747,1.8792204346444719,24.877694504541545,6.3691516987705405,3.657610173138967,614.6488727537685,841.6132102460759,727.8785143434386,100.68181610107422,459.58465576171875,8.822314049586776,19.15613555908203,10.193660736083984,10.623409271240234,29.0,1.0236273827730473,1.0,0.1980716765873016,18,2,True
6_stack3-3,6,1,13,3,274.70519180277125,18.702018964468678,0.23343217781871206,2.0239366778571393,291.3552139764711,9.863410136406227,9.39098978440722,1176.8094457659245,1394.868360856283,209.03016894420531,186.89877319335938,300.7000427246094,4.400816802800467,19.253803253173828,9.513046264648438,16.34307861328125,28.0,1.8372093821078523,1.0,0.1980716765873016,11,1,True
6_stack3-3,6,2,4,3,25.774502841239737,5.728622545023824,0.02738072723001528,1.5984323941916683,20.862622701001428,7.358207249464806,7.178550563322443,941.3374095113599,1242.3328321672682,209.03016894420531,173.3333282470703,273.700439453125,3.4640522875816995,24.702007293701172,15.453895568847656,16.404705047607422,28.0,1.844137126017613,1.0,0.1980716765873016,11,1,True
6_stack3-3,6,3,8,3,4.141896889010084,2.296437874035173,0.0029419228957038197,0.6036252846778771,3.128004705073942,5.250813966996734,1.9534003433189793,1407.8876421467821,2022.037332467031,209.03016894420531,215.3333282470703,345.7904052734375,1.5833333333333333,9.982353210449219,16.537334442138672,16.409454345703125,28.0,1.844671019002302,1.0,0.1980716765873016,11,1,True
6_stack3-6,6,1,25,21,193.93880283795818,15.714024087797638,0.1652076192268428,1.1704408689489845,218.1478645880236,10.433929101181565,9.923312323214127,1173.9095554162382,1519.5488933083634,1192.9000219439765,149.04605102539062,465.29962158203125,3.172795430203499,18.18920135498047,15.540470123291016,15.917171478271484,27.0,1.7893309741981742,1.0,0.1980716765873016,17,10,True
6_stack3-6,6,2,22,13,161.36337068673475,14.333674498540471,0.2363091886336229,1.2674365137884338,160.25401766434157,12.56304083180239,7.246354630265289,682.8484817698511,695.4725609748363,290.2804467001079,155.90951538085938,396.2455749511719,7.826086956521739,22.996021270751953,18.143726348876953,19.74039077758789,27.0,2.21911868634023,1.0,0.1980716765873016,17,10,True
6_stack3-6,6,3,25,28,79.7615945951988,10.077480656877569,0.06794526394916121,1.4750223212856666,91.0473341967063,12.590456615187325,8.859720047462863,1173.9095554162382,1519.5488933083634,172.81867383619075,97.6736831665039,465.29962158203125,8.178947368421053,22.85110855102539,15.492042541503906,18.26934814453125,27.0,2.0537512307412578,1.0,0.1980716765873016,17,10,True
6_stack3-6,6,4,25,29,61.06089530507379,8.817320825474912,0.05201499129413183,0.9281614069808506,54.461365965758866,13.866448751433218,6.802404811936006,1173.9095554162382,1519.5488933083634,841.0247244100843,106.9491958618164,465.29962158203125,5.774064171122995,15.550304412841797,16.75387954711914,16.64572525024414,27.0,1.8712314445385965,1.0,0.1980716765873016,17,10,True
6_stack3-6,6,5,22,29,40.770516339113975,7.204903445725765,0.059706534359485273,1.0697802918548964,35.06840120884056,8.267951696337763,3.669880791067276,682.8484817698512,695.4725609748363,841.0247244100843,120.44203186035156,396.2455749511719,10.42512077294686,17.732723236083984,16.57604217529297,16.63449478149414,27.0,1.869968969882432,1.0,0.1980716765873016,17,10,True
6_stack3-6,6,6,25,13,9.129601211818702,3.4094236009257686,0.007777090807120639,1.2798067141602192,7.399477886835253,3.820595636328181,2.977942331084909,1173.9095554162382,1519.5488933083634,290.2804467001079,106.50724792480469,465.29962158203125,2.6231884057971016,25.04210662841797,19.567100524902344,19.73724365234375,27.0,2.2187649018323037,1.0,0.1980716765873016,17,10,True
6_stack4-5,6,1,35,15,271.194387140267,18.582126305060058,0.3157649626387896,0.8224922109659705,281.0716366113119,14.066275646901879,11.346893520177217,858.8488883438665,535.0513220835345,1686.247314450242,86.3224105834961,319.10980224609375,5.683832709113608,38.55768585205078,46.87908935546875,44.78716278076172,27.0,5.034754932399285,1.0,0.1980716765873016,22,7,True
6_stack4-5,6,2,1,33,148.63323096775193,13.756660471564192,0.19269209623975156,1.4552178015809012,138.76575226614355,12.265338479472858,7.492354035827226,771.3509472792249,679.5442110139978,882.532592042023,80.94776916503906,364.95794677734375,6.10395537525355,25.896053314208984,17.795310974121094,19.516284942626953,27.0,2.1939257987382113,1.0,0.1980716765873016,22,7,True
6_stack4-5,6,3,27,33,88.52611190314079,10.616729553715167,0.3029029707798899,1.6004848032895658,103.25973399059694,9.75275021771197,7.2575305746459176,292.2589754574244,155.9879789268319,882.532592042023,105.56507110595703,325.3202819824219,8.339265850945495,29.113628387451172,18.190505981445312,19.522850036621094,27.0,2.1946638146632313,1.0,0.1980716765873016,22,7,True
6_stack4-5,6,4,12,33,69.96898317590401,9.438605632426343,0.12718839191162942,1.1790004000215841,65.26538501238757,10.702867388923973,8.018127466245998,550.1208256844579,403.23049482142306,882.532592042023,107.98660278320312,338.5694274902344,5.170523751522533,22.587623596191406,19.158283233642578,19.522850036621094,27.0,2.1946638146632313,1.0,0.1980716765873016,22,7,True
6_stack4-5,6,5,1,32,39.74083745189986,7.11333998798392,0.05152108465294189,1.599571511962005,38.00892065754163,8.200125938535017,3.3969062796534244,771.3509472792248,679.5442110139978,764.2469390077176,62.9620246887207,364.95794677734375,4.78119349005425,21.49175262451172,13.435943603515625,14.105201721191406,27.0,1.5856381500629522,1.0,0.1980716765873016,22,7,True
6_stack4-5,6,6,29,15,9.440519705213955,3.4669933676789673,0.03912452559883862,0.5395573037069731,5.101082545919844,6.992778850231144,2.5989567567271323,241.29416422864406,163.91292151818502,1686.247314450242,58.94285583496094,345.93426513671875,8.914285714285715,24.324256896972656,45.081878662109375,44.7884521484375,27.0,5.034899876840108,1.0,0.1980716765873016,22,7,True
6_stack4-5,6,7,14,15,7.6920515295470855,3.1295086175883817,0.027265101044646477,0.5192261427561684,6.689475421131815,4.484742968973964,2.0317272771749297,282.12077838814486,188.08007318290547,1686.247314450242,60.14754104614258,325.7109680175781,2.4918032786885247,23.381988525390625,45.032379150390625,44.7884521484375,27.0,5.034899876840108,1.0,0.1980716765873016,22,7,True
6_stack4-5,6,8,26,33,6.135815121280926,2.7950603663604214,0.02418340921735334,1.136344253430094,4.7030294614884625,3.3321616447377544,1.8418513862899752,253.72002210829876,182.82293304804745,882.532592042023,98.35616302490234,347.9895935058594,10.397260273972602,22.140411376953125,19.48389434814453,19.522850036621094,27.0,2.1946638146632313,1.0,0.1980716765873016,22,7,True
6_stackf1,6,1,10,17,217.05364632568347,16.624117595554363,0.18931893531822291,2.0690432581907907,231.95542421482708,13.276720210260997,10.105705776093032,1146.4972901989004,953.1901247500774,455.76266378093715,142.319091796875,440.4275207519531,3.9025191675794084,18.680892944335938,9.028759002685547,12.774711608886719,30.0,1.230917898012843,1.0,0.1980716765873016,13,10,True
6_stackf1,6,2,19,12,107.56644764988235,11.702899419994813,0.16636316138108445,1.4161580304196812,105.25780413438525,11.108423291893985,9.272532897314923,646.5761215217727,652.8661864490466,232.7657643291986,174.68235778808594,401.65283203125,7.397260273972603,23.63964080810547,16.692798614501953,18.7098388671875,30.0,1.8028019915953668,1.0,0.1980716765873016,13,10,True
6_stackf1,6,3,10,22,81.08686084438355,10.160856154158783,0.07072573266205992,0.8875265356308314,83.16855674872444,13.440963912221012,6.858938750991815,1146.4972901989004,953.1901247500774,839.1808021239774,93.96604919433594,440.4275207519531,6.617623282134196,16.653507232666016,18.763954162597656,18.550182342529297,30.0,1.787418155172821,1.0,0.1980716765873016,13,10,True
6_stackf1,6,4,10,12,40.0044402554542,7.1368925519612185,0.03489274732477913,1.4992887871030505,30.930940808262328,11.378560682022226,3.6347795162985035,1146.4972901989004,953.1901247500774,232.7657643291986,111.52916717529297,440.4275207519531,5.397916666666666,26.396751403808594,17.606182098388672,18.697620391845703,30.0,1.8016246703027137,1.0,0.1980716765873016,13,10,True
6_stackf1,6,5,4,17,29.673583218140067,6.146672236855128,0.04534573863611265,2.5654529927956995,27.985564133117173,11.74140724330752,3.0778255926874936,654.3852655320621,599.35320776288,455.76266378093715,110.56190490722656,472.3505859375,7.6761904761904765,29.154293060302734,11.364189147949219,12.729316711425781,30.0,1.2265438351397324,1.0,0.1980716765873016,13,10,True
6_stackf1,6,6,10,11,23.035653687551115,5.415709114586423,0.020092200726924324,1.0821896412947893,20.082832146123422,4.375391036746642,3.977175669873051,1146.4972901989004,953.1901247500774,145.23830432271924,151.99221801757812,440.4275207519531,2.124513618677043,17.735576629638672,16.38860321044922,16.57842254638672,30.0,1.5974276099486406,1.0,0.1980716765873016,13,10,True
6_stackf1,6,7,10,3,8.711543156908705,3.3304476040080804,0.007598398383826429,1.3675527741821918,6.876088710178444,4.031454989251051,2.4914177883207707,1146.4972901989004,953.1901247500774,228.09711003033215,98.63964080810547,440.4275207519531,1.5495495495495495,27.502426147460938,20.110687255859375,20.349151611328125,30.0,1.9607593262877228,1.0,0.1980716765873016,13,10,True
6_stackf1,6,8,19,22,6.334169715179861,2.839879463010862,0.00979647949304383,0.7424749170736528,3.3222569191476867,4.1741745560391985,1.9398136917969495,646.5761215217726,652.8661864490466,839.1808021239774,108.12820434570312,401.65283203125,10.461538461538462,13.814685821533203,18.606266021728516,18.553058624267578,30.0,1.787695301677554,1.0,0.1980716765873016,13,10,True
